components1,components2
4.99,"15.75,10.95"
4.99,"2 piéces,1925 08j3 AED"
7.95,"9129,$99"
7.95,.50
"10.95,•.75",$15.95
"10.95,•.75","47.25,42.95"
7.95,10.00
7.95,"AEU,3.994"
. 199,"329.00 AED,249.68"
. 199,10.00
"PER,KG.",35
"PER,KG.","19.25,9.95"
"** 126,69","WALS 9,99,$4.99"
"** 126,69","YOU AED,PAY 1469"
"e 49,AED 45","YOU AED,PAY69"
"e 49,AED 45","19.25,7.95"
"24.,5,99,14%",9.86
"24.,5,99,14%",110
"$16.75,$10.00",14.32
"$16.75,$10.00",36.95
"€21.00,AED 9.90","#14,25,.07.99"
"€21.00,AED 9.90",e 14.75
10.00,"AED,8.99"
10.00,€ 11.90
32.95,"€16.50-,AED,5"
32.95,16.50
"DHS,.99","13.95,9.95 Oht"
"DHS,.99",16.50
(20,1799 AED
(20,"31 89.00,a3v 68"
69,"R20.50 €17.50,: 15.50"
69,Dhs. 6.50
19,10
19,Dhs 45
"Dhs.38.99,24.3",5.95 AED
"Dhs.38.99,24.3","36:,.99"
89.00,"35.50,19.95 AED."
89.00,"PER,PC,.99"
(29.7,40%:
(29.7,219.88
"24.00 AED,13.45","€1 84.00,56.00"
"24.00 AED,13.45",20
#.50,50
#.50,20
9.g5he,9.00
9.g5he,6.50
"€ 19.00,WA aoata $16.00",12.55
"€ 19.00,WA aoata $16.00","36.25.,$ 26.50l"
99% Dhs,"17:75,14.25"
99% Dhs,19.
"2,AED,•25","13.15,6.50"
"2,AED,•25",19
"PER,PC,5,.99",BD.2000
"PER,PC,5,.99","21,1.99"
25.75,"73,14,1.3"
25.75,"12.3,.99"
"AED,0.99",E 8.95
"AED,0.99","24.00,18,00"
"39,,50","29.50,14.75"
"39,,50",99
"PER,PAIR,9,.99","Dhs.34.00,27.,.99l"
"PER,PAIR,9,.99",16.90
"15.95.,10.",- 0.00
"15.95.,10.",95.00
"19.50,10.75",Dhs 49/ea
"19.50,10.75","AED,1.99"
"6399,6271",= 5.95
"6399,6271","23-15,14.3"
"9209 171cm,@169","AED,26,95"
"9209 171cm,@169","Dhs,9.99"
": 2199,$16.99",e 25.95
": 2199,$16.99","YOU AED,PAY 249"
"-31,50,,50","Dhs,..95"
"-31,50,,50","27.30,12.90"
"913.95-,$9.75","18.00,11.50"
"913.95-,$9.75","AED,50"
"PER,PAIR,3,.25",95%
"PER,PAIR,3,.25","WAS $1139,YOU AED,PAY 814"
.95,"WAS 1149,YOU AED,PAY 99"
.95,109
36.95,"2 29.90,€14.95"
36.95,E 8.50
1395 ADJa AED,69
1395 ADJa AED,"AED 1999,was AED 2624"
"0.UU 16.50,12.95","50%,OFF"
"0.UU 16.50,12.95",395)
15:,"DHS,.99"
15:,15
12,"6.50 24%,4.95"
12,15.88
"154.99,$ 34.99",E 1.00
"154.99,$ 34.99",495
"YOU AFO,PAY999",29
"YOU AFO,PAY999",24.90
"115,7,99",:28.50
"115,7,99","Dhs.14.50,8g,.99"
"49,€ 39",18.95
"49,€ 39",1085
"20.6,10% 00",75
"20.6,10% 00","N,DHS"
105.00,$ 28.75
105.00,295
4.98,10:99 AED
4.98,"AED,2,300"
"29.00,11.95","AED.',L3"
"29.00,11.95","13.09,.99"
"29,50 AED,19.,50",19.3l
"29,50 AED,19.,50","45.00 AED,29.00"
425,AED 4.95
425,"3112.50,A 7.95"
"19,38",-95
"19,38","12,951"
9.95,€ 10.00
9.95,"17.75,10.95"
27.95,"79,6.99"
27.95,"14.00,9.25"
"51.75,29.50","07.50,4.95"
"51.75,29.50","59,AED"
"155,89.00",17.95
"155,89.00",Dhs1050
"9,.00",plja 48x10 ljLoi
"9,.00",25.50
99,1.75
99,"$29,AED"
.26.75,"15.25,9.22hs"
.26.75,"PER,IPC,7,AED,99"
"119,89.00","16.95,11.95"
"119,89.00",9.99
"AED,J.95","$3599,„3527]"
"AED,J.95",759 ADJ3 AED
"2 Pieces,59",24.88
"2 Pieces,59",4C
2.25,"9 377,9289"
2.25,"4,AED,PCS,99"
aed.,21.95
aed.,.30.50
"AED,26,95","e 5298,NOW$ 4399"
"AED,26,95",8 4.99
35.00,"$60.10,$ 43.90"
35.00,249
"235.50,199.95",24 %
"235.50,199.95","Dhs.24.99,18.a,45"
"31.25,15.00","E 14.00,e 7.75"
"31.25,15.00",5.99 AED
"2138.85,€ 13.95","$ 199,@139"
"2138.85,€ 13.95","3,.99"
8,"59 AED,$ 35"
8,5
"9,12.25","Dhs,1.99"
"9,12.25","AED,2.95"
295,"137-95,l.3,.95,19.s"
295,"9139,$89.00"
"1.20.50,a 22.99",9.99
"1.20.50,a 22.99",8
.99,"AED,.99"
.99,"23.75,2,1875 AED"
"549,AED","5,AED,99"
"549,AED",32.50
AED 600 TO AED 999,"2,AED,PCS,50"
AED 600 TO AED 999,19?5 ADJ3 AED
"AED,..25",4.50
"AED,..25","48.00,12.95"
10.58,"1,DHS"
10.58,10.25
"Dhs,.99","15.00,1125"
"Dhs,.99","2,25"
$29.990,7.95
$29.990,",409.900"
"9,AED,99","59.00,40.50"
"9,AED,99",100
79,1.00
79,"1 17.99,$12.99"
"£18.90,@9.90",AED
"£18.90,@9.90",PAY 899 AED
"959,940",16
"959,940",200
"Dhs,1.99",15.95
"Dhs,1.99","49,30"
"45.50,19.06","º 26.25,@18.90"
"45.50,19.06","WAS 9 1699,YOUAED,PAY 1299"
"0134.95,19.95","= 22.81,: 15.75"
"0134.95,19.95",6.99
"1,.99",19.35
"1,.99","YOU AED,PAY 169"
299,2.95
299,11.95
469,"17.37,12.95"
469,"959.00,$38.00"
"AED,12.00",22.95
"AED,12.00",10
"299 @199,0L -f99- WAS - 299-",5.99
"299 @199,0L -f99- WAS - 299-","91114:06,273,"
99,"NOW,: 79"
99,"19.75,07.75"
"1.95,2.95","1490 171.15,$87.95"
"1.95,2.95",84
"53.4,75,43.Z","9111.12,4.95"
"53.4,75,43.Z",6.96
"$25.00,16.99",: 13.81
"$25.00,16.99",1195
"59,à 39","16.00 AED,11.95"
"59,à 39",.50
"E 599,489","145.86,109*"
"E 599,489","WA$S 15.95.,10,.95"
"37 27:00,ã 22","21 5.95,3.95"
"37 27:00,ã 22",30
"2,AED,195",.03.00
"2,AED,195","19,AED"
"28.68,18.95","7.95,9.95"
"28.68,18.95",18.89
"1.25,5.95","2114.95,10.95"
"1.25,5.95","25:,2,15% AED"
"2110.50,8.95 AED",9.95
"2110.50,8.95 AED",9
"alr,4,00","€129.90,€17.95"
"alr,4,00","Dhs.4.45,1.75"
"€18.25,@ 11.90","921,.00"
"€18.25,@ 11.90","Dhs. 9.99,5.2"
"1299 88,10396","Dhs. 20.50,13.9,99"
"1299 88,10396",Dhs19
"YOU,PAY 219","167.50,115.95"
"YOU,PAY 219","24.00,10.00"
"919,AED",6.95
"919,AED",19.00
"AED,50",",449,L. 419l"
"AED,50","AED,•20"
"2,350",@ 129
"2,350",".32.75l,24.99"
"1499,, 1469l","ENCHANTEUR,TALC 250GMX4"
"1499,, 1469l",1.95
11.95,aed. 199
11.95,"1Oe,•99"
"33.10,16.50",e 8.50
"33.10,16.50",11.95
26s,"21g,26.95"
26s,9.95
"15.45,.95","AED 28,50"
"15.45,.95","5 Pieces,25:"
2.99,11.95
2.99,1499
21.89,"189:,omb 99"
21.89,"AED,8.95"
"24.g,.99","WAS 1 699,YOU -,PAY 649"
"24.g,.99",AED
34.50 AED 37.95,10:95
34.50 AED 37.95,"29.00,19.95"
14.%9,"14499,guQ 1299"
14.%9,€ 6.50
1.99,"210.50,€4.95"
1.99,6.39
"16.90,8.46 AED.",",159,, 151"
"16.90,8.46 AED.","28.60,19.55"
695,"33.75,19.95"
695,"47.25,15.00"
15,"Ds.,10"
15,"212.00,910.95"
5.50 AED,"71.50,55.96"
5.50 AED,"€ 16.50,AED 9.50"
9.98,20 °t
9.98,445
699,"Dhs,4.95"
699,14.95
49 39,"12.25,9.00"
49 39,"£12.90-,€8.90"
10 AED 299,"$30.90,€22.95"
10 AED 299,"PER,SET,6,AED,99"
"318,236.75","AED 499,e 479"
"318,236.75",12
"549,499",149
"549,499","99.08 Aed,455öc"
"$23.75,18.75",22.98
"$23.75,18.75","21.00,12.95"
"5,499",16.39
"5,499","3,490"
1588,"Jaalw gsLull Ggighs wwlAelow,Sennheiser PXC 550-lI,Wireless Bluetooth Headset"
1588,"10%,U.95"
"Dns,.99",20.95
"Dns,.99","Dhs.,F.95"
"19,00,55°",16.99
"19,00,55°",2.75 AED
"205.50,185.00",.29.00
"205.50,185.00",5
6.90,: 7.95
6.90,36 %hn
$ 6.99,"46.00,12.60"
$ 6.99,4
"679.00,629.00","£6.95,€4.95"
"679.00,629.00",AED 169
"PER,SET,2,AED,D.50",2g
"PER,SET,2,AED,D.50",179%
4.00,49
4.00,11.75
54.90,e 19.99
54.90,99
: 9.00,"15,"
: 9.00,"2,AED,5"
Dhs 59,"AED 159,AED 149"
Dhs 59,199
"25.,2,16%",23.95 AED
"25.,2,16%",Harpic Liquid 2x500Ml Asst
"29.35,14.56","13.95,10.95"
"29.35,14.56","129,"
"5 21.75,17.99","82.00,54.75"
"5 21.75,17.99","2,9.50"
"17.50,.95",Dhs99
"17.50,.95","2 39.90,919.95"
0.95,"Was,Now,AED 1195 1099,52"
0.95,€ 10.00
€ 240.00,"9.,1.99"
€ 240.00,"YOU AED.,PAY 3199"
"2,D.75",".3499,2999"
"2,D.75","939.00,20"
ADJ> 1910,"60,PCS,6,.99"
ADJ> 1910,"36.00,25.00"
"17.85,10.95",12
"17.85,10.95",18.50
"3.99,7.50","3110.74,8.95 AED"
"3.99,7.50",18.95
7.39 Dhs,"19.3t,1.99"
7.39 Dhs,"99.00,59.00"
"Dhs. 16.95,12g",2790
"Dhs. 16.95,12g",10
"€14.75,.07.99",":42.75,$39.99"
"€14.75,.07.99",4995
"14,50,§,,50","AED,39"
"14,50,§,,50","1.95,.95"
"YOU,PAY 3,917","$75.00,.49.00"
"YOU,PAY 3,917",49 0c
8.99,29.00
8.99,24:
"37.75,130.95",35.50
"37.75,130.95","12.95,11.95"
145,2.95
145,7.99
AED 1000 TO AED 1999,"9,.50"
AED 1000 TO AED 1999,"9,,50"
8.40,"14.55,cUQ 9.99"
8.40,"1,9. .99 ÷ KG,7"
•2599,"1 34.99,€25.99."
•2599,"6,.99"
"$18.00,09.00",e 14.50
"$18.00,09.00","Dhs.8.50,4"
"5.50,AED,3.95","#1299,1199"
"5.50,AED,3.95","8,.99"
14.99,15
14.99,10°
"€112.95,0.95",Dhs 21
"€112.95,0.95","AED,7.00"
"PER,ISET,4,F.25",1.339
"PER,ISET,4,F.25","15.75,8.95"
"Dhs,2.99","9 9798,NOW$8499"
"Dhs,2.99",3.95
18.99,11 50
18.99,"143,10°"
"7.50 AED,4.95","#14.75,.08.99"
"7.50 AED,4.95",12
"C3V 1 7:50,0.95","g,7.50"
"C3V 1 7:50,0.95",23'
6.56 AED,9.95 AED
6.56 AED,"79,49"
1000,"YOU,PAY 3099"
1000,"923.00,€16.95"
"$ :10.00,.04.75","91,00,69,,00"
"$ :10.00,.04.75","27,90"
9,"WAS 5.99,€4.50"
9,"19.00,11.95"
149,": 49.99 B,€ 36.99"
149,39.39
"2118.75,4.95","A,"""
"2118.75,4.95",9.95
"899,I.a,359","€20.75,14.99"
"899,I.a,359","21.90,11.95"
7.95,"YOU AED,PAY 2099"
7.95,"17.15,10.60"
"15 AED,D $ 9",5°
"15 AED,D $ 9",16
"WAS º 8999,YOU AED,PAY 8399",8.95
"WAS º 8999,YOU AED,PAY 8399",21.95
Offer Price : 54.00,"22%,8.55 Oh:,6.99"
Offer Price : 54.00,AED
12.50,"36.00,25.95"
12.50,"AED,99"
"5 Pieces,39",.50
"5 Pieces,39","45.31,1.99"
"1299,, 1249",10
"1299,, 1249",Dhs1245
"AED,00","9.99,12.95"
"AED,00","2495,AED,0.50"
"$114.00,6.95","26.00,17.55 AED"
"$114.00,6.95",16.95
"€79.00,$ 49.00","14.00,9.25"
"€79.00,$ 49.00",",895,AED"
Dhs 99,"PER,PCL,3,AED,.99"
Dhs 99,"914.95,@10.50"
1.75,2 1350
1.75,31.Bk
3.50,"PER,IPC,2,0.99"
3.50,12.39
"4.95,6.95",149.00
"4.95,6.95",1.99
"PER,PC,9,25",R. 1799
"PER,PC,9,25",Pb$595
= 42.90,(695)
= 42.90,"R32.00,$20.00"
"DIis.,1.95",.95
"DIis.,1.95",59
"AED,4.00","AED,.75"
"AED,4.00","20.90,$ 19.99"
"AED,19","21 6.95-,4.95 AED"
"AED,19","34.65,25.50"
"AED,4.95","15.60,9.58"
"AED,4.95",29 99
8.50,10.
8.50,"$299,$229"
"€15.90,$10","AED,-99"
"€15.90,$10",: 9.95
"i 2099,e2049","35.00 AED,18.99"
"i 2099,e2049",139
2.25,"19,20,,50"
2.25,"16.55,25,99,9"
295,"15.00,10.06"
295,"14.95,9.50"
"Dhs.9.99,1.99","6,.75"
"Dhs.9.99,1.99",195
D.50,5.
D.50,"229.90,@14.75"
10 0o,20'
10 0o,6.95
"16.50,13.95",11.50 AED 14.50
"16.50,13.95",10.00
"I 43-50,32","40.75,34.95"
"I 43-50,32","10.36,.99"
40,"175.,,00"
40,"1,449"
36.95,05.00
36.95,e 13.50
"209,$ 14",5'
"209,$ 14","4.00 AED,1.00"
"€ 45.40,€ 22.00","Dhs. 42.99,29.g,.99"
"€ 45.40,€ 22.00","WAS 19,95.,12.3,95"
"$ 28.00,19.95,g",Dh$12/ea
"$ 28.00,19.95,g","12:55,$ 8.75,AED"
"WAS1499,YOU AED,PAY 449","391,omb 69"
"WAS1499,YOU AED,PAY 449","42.00,"
„599,5.00
„599,25°9 ADJ3
"SAVE 25% WAS? 1999,YOU AED,PAY 1499",17.95
"SAVE 25% WAS? 1999,YOU AED,PAY 1499",8
"8 299,9169",9 1000
"8 299,9169",7.95 AED
451,"21.90,11.95"
451,318
"59.00,.00,39.4","29,50)"
"59.00,.00,39.4","360° Front, Side & Back,AED 200"
"13.25,6.56°","27.25,14.56"
"13.25,6.56°",".5949,5449"
"Dhs.22.99,15.g,•.99","9 07.50,03.95"
"Dhs.22.99,15.g,•.99",a 109
"3.g,.99","21,PCS,3,.75"
"3.g,.99","242.75,€ 19.95"
"10.00 AED,5.95",:149
"10.00 AED,5.95","AED,4.99"
"19.95,16.95","986.20,$ 45.50"
"19.95,16.95",16.95
9.00,2099
9.00,5.95
16.95,"€34.00,$25.00"
16.95,"19.00,11.95"
"AED,15.95","$9.00-,93.75"
"AED,15.95","20.50,omb 17.99"
"Dhs,,95",(395
"Dhs,,95","114.99,2 9.99"
"18:66,9P9",AED 699
"18:66,9P9",.95
"299.00,00,199.01","299,omb 20"
"299.00,00,199.01","31189:80,4129"
",00",Dhs79
",00",5.95
7.99,4.95
7.99,"24460,19,00"
AED 9,"749,799"
AED 9,0.50
"3167.90,$34.95","a 212,1199 AED"
"3167.90,$34.95",.99
19.08,"153.66 AED,718"
19.08,199%
1.95,6
1.95,"9 32.25,:21.50"
"21.00,17.95","26.50,22.50"
"21.00,17.95",199
"5,00)",10
"5,00)","Dhs.14.50,.99"
4g5 AED,1.95
4g5 AED,"159,129"
"19,00,55 °","25.00,16.99"
"19,00,55 °","29.º,.00,AED"
"§,12.95","7,75"
"§,12.95",8.99
"-33.90,26.50","€ 18.00,$13.50"
"-33.90,26.50",5
"7.90,4.50 AED.","11.25,8.95"
"7.90,4.50 AED.","€ 29.40,@18.75"
0.99,€ 17.50
0.99,79 DHS
"€9.00,55.95","34.65,2,228"
"€9.00,55.95","31.15,15.05"
"4.,.49","Dhs.,12.75"
"4.,.49",9 59
"19.00,11.,1.95","35c,15%"
"19.00,11.,1.95","AU,23g"
"27.08 ACO,13.93",29.00 Otiz
"27.08 ACO,13.93","59900,.DO,549"
"$ 115.50,e 80.50","311,7,24%"
"$ 115.50,e 80.50",15.38
"DHS,20.00","299,'239"
"DHS,20.00","919.95,@17.50"
€ 26.00,"YOU,PAY 2399"
€ 26.00,"1,732,1.574"
11.00,"25,95,12,g,KG,1,95"
11.00,"AED,'59"
5,":79,469"
5,"20.90,$ 14.00"
"º -14.95,$ 9.95","05.50,3.95"
"º -14.95,$ 9.95",PAY 3499
"16.06,9;","SAVE 13%,WAS 9 799,YOU,PAY 699"
"16.06,9;","17.25,7.95"
: 24.95,8.88 0.99
: 24.95,"(89 9,$ 59"
"Dhs.8.50,5.,.99",5
"Dhs.8.50,5.,.99","1,DHS"
"11,90,g,PC,,90","39.75,20.00"
"11,90,g,PC,,90",": 949,869"
"35,50","20.90,12.95"
"35,50",8.25
39 85 AED.,"29.,2,99,16%"
39 85 AED.,39
",999,AED",32.50
",999,AED","Dhs 35.99,25.,.99"
•.95,"SAVE 63%,54"
•.95,49%
"Dhs.13.50,.99",7.95
"Dhs.13.50,.99","14.g2,$.99"
$ 25.95,"9,95,Dhs gláll,,95"
$ 25.95,"$19.50,14.75"
798,"8 Pieces,35:"
798,20
0,"105.%6 Dhs,Dha,was 179:00"
0,*29.9
"25.70,17.95","10.00,7.95"
"25.70,17.95","5,.99"
"SAVE 14%,WAS? 3499,YOU AED,PAY 2999",10
"SAVE 14%,WAS? 3499,YOU AED,PAY 2999","20.00,12.95"
"45,00",20.88
"45,00","€38.90,@18.25"
14.25,"€131.98,€ 19.50"
14.25,3896
36.38 Dhs,"914.95,@10.50"
36.38 Dhs,"109.00,94.95"
"ONLY,11.95",16.95
"ONLY,11.95",": 126.00,64.95"
"15.00,9.50",10.00
"15.00,9.50","399,AED"
"11.00 AED,7.95",95
"11.00 AED,7.95","R39.25,$29.75"
"$14.00,09.00","019:95-,5.95"
"$14.00,09.00","$ 39.99,€ 26.99"
"WAS 0.95,4.95",": 16.50,:14.75"
"WAS 0.95,4.95",32.95
4.00,"92299,91799"
4.00,11.95 AED
"5.95,7.95","24,75,20,00"
"5.95,7.95","PER,PC,4,T.25"
Dhs6 /ea,"$18.50,112,50"
Dhs6 /ea,"PER,PC,8,.25"
",3.250,AED'",Dhs 99
",3.250,AED'",19.90
99,39.%
99,15%
295,19.95
295,89
: 4.95,38%
: 4.95,"924:00,218.00"
"20.00,15.00","3.95,4.45"
"20.00,15.00","Dhs. 12.50,5.99 •.99"
"26.75,21.00",3
"26.75,21.00","§ 25.00,$ 9.50"
"a,""",.75
"a,""","PER,IPC,6,99"
"AED,129","WAS 9 4799,YOU AED,PAY 4599"
"AED,129",150
.99,8.
.99,999
28.00,15°5 AED A.BjJa
28.00,8.95
"31.00,15.08","34:,,50"
"31.00,15.08",€ 10.00
"$122.95,15.95","º 26.00,@11.00"
"$122.95,15.95","AED,1•50"
18.50,"YOU,PAY 1799"
18.50,"AED,0.95"
550,"€49.50,€34.95"
550,19
AED 649,"019.99,013.99"
AED 649,"8 11:25,8.95"
"27.,5,15%",4.75
"27.,5,15%","37 8.50-,6.95"
19,16.95
19,"WAS? 349,YOURED,PAY314"
7.75,"BEST,BUY"
7.75,Dhs200
28.00,18*
28.00,19.95
138,"AED,25.95 AED"
138,429
3 2999,"6,50"
3 2999,"2140.42,19.95 AED"
"PER,SET,AED,99","2.95,E"
"PER,SET,AED,99","50% OFF,"
"YOU,PAY 579","2,PCS,.99"
"YOU,PAY 579",38.39 AED
"99,00,69",8.25 Dhs.
"99,00,69",895
2.95,5.00
2.95,"32.00,.3.,195"
"38.00,2125","91749,1499"
"38.00,2125","a 39.00,29°"
AED 59,10
AED 59,"18.00,11.95"
"25.75,11.95",:159
"25.75,11.95",30.35
:249,"3,7.75"
:249,"YOU AED,PAY 1699"
"10.98,0.99",AED 9.95 13.95
"10.98,0.99","$19,AED"
"19%,3,99,9F","13.26,10.95"
"19%,3,99,9F",9 19.95
"@60.00,$24.95",99%
"@60.00,$24.95","AED,2.50"
":09.75,03.99","92,AED"
":09.75,03.99","22.60,15.55"
"From,AED,25","AED,89"
"From,AED,25","11.75,"
249,4.45
249,44.88
"15500,39.00",495
"15500,39.00","4 2.00,26.68"
"10.00,4.93 AED",€30
"10.00,4.93 AED","Dhs. 38.99,27.,99"
"As 14.95,8.95",5450
"As 14.95,8.95","6,AED,.99"
"PER,PC,.99","bhis,9.99"
"PER,PC,.99","9 Dhe,1.99"
25,"3,7"
25,"914.20,€9.95"
1.40,°49
1.40,"915.25,98.75"
"75.00,46.95",:10
"75.00,46.95","918.00,100"
"15.60,3,c,99,9;","14.00,8.5"
"15.60,3,c,99,9;",6.95
"3127.77,19.95",32.gg
"3127.77,19.95","L5ilo qailo,Mango Mallika"
"20,00,1.50","40.00,26.95 AED"
"20,00,1.50","JuJ  49.9 00),289.9,WAS OMR 379.9"
"160.00,79.95","e 599,AED 549"
"160.00,79.95",10.66
"6.75,4.250",8.75
"6.75,4.250","PER,ISET,AED,.25"
AED 35,",95"
AED 35,795.
omb 3.99,", 1899,,1861"
omb 3.99,16.00
"€ 26.80,$17.95",11.95 AED
"€ 26.80,$17.95",26.55
11.95,11.95
11.95,"8.98"""
"29g,99",18.95
"29g,99",920 00
"15,95,.95","5.00,Dhs"
"15,95,.95","17:,99,7"
"AED,50",4: .00
"AED,50","2,D.25"
5:,"WAS: 109,YOU AED,PAY 49"
5:,"WAS 18.95.,11.3"
10.38,17.gi
10.38,"115.00,99.66"
"56.06,37.66 AED",41
"56.06,37.66 AED",Worth AED 217
1.00,379
1.00,10
"20.00,12.9%","AED 150,AED 119.00 Only"
"20.00,12.9%","129,109"
"PER,SET,5,99","18:50 35%,11.95"
"PER,SET,5,99","11.50,A,Om] 6.99"
"Each,9939","Dns,.99"
"Each,9939",":24.00,.19.50"
"Dhs,3.95",395
"Dhs,3.95","PER,PC,7,99"
"795,AED",: 19.95
"795,AED","7.95,100gm. - Dhs 12.95,200gm. - Dhs 21.95"
"AEL,28.95 8.95",10.99
"AEL,28.95 8.95",29B
10.00,"39,00,20 0o"
10.00,"•924,906"
5.95,29.95
5.95,"31,90,g,,90"
|199,21.8t
|199,"1,18.90 6 KG,99,9°"
695,"6,99"
695,"30.15,19.75"
"AE,499","99,AED"
"AE,499",.99
$13.25,"29.,.99"
$13.25,'59
9.98e,29
9.98e,"201,,50"
"WAS 9699,YOU AED,PAY 599","3.95,AED,4.95"
"WAS 9699,YOU AED,PAY 599",39
10,"AED,4.95,6.95"
10,4.95
95,1.45
95,60.00
"17,,50",",89,87"
"17,,50",1.99
"Dhs.15.,75,105,.50",".21999,21559"
"Dhs.15.,75,105,.50","229.d,.00,199f"
"Dhs,1.99",3999 AED
"Dhs,1.99",99%
"89.3,.99","23.75,10.0%9 AED."
"89.3,.99",139
"42.00,36.95","28.75,24.99"
"42.00,36.95","925.00,$20.00"
9.95,11.00
9.95,Dhs.5.99
"19.99,2 0.50",29%
"19.99,2 0.50",499 00 Dhs
"Dhs. 85.45,47.,.99","133,50,954"
"Dhs. 85.45,47.,.99",8
1.99,10
1.99,"329,299"
"8,,95",: 9.75
"8,,95",Dhs 35/m
69,"F,29:,5,2099 AED"
69,"PER,pC,.99"
":24.00,.20.75",10 00
":24.00,.20.75","7,90,g glisul,,90"
"1460,AED","29,1.3,AED,) 1.50"
"1460,AED","399°,349"
e 10,344
e 10,10
1559,"$18.00,09.00"
1559,".509,ND 485"
"23.60,25,75,15%","0 25.99,916.99"
"23.60,25,75,15%","AED,.50"
"10.00,5.95","21.00,11.50"
"10.00,5.95","202.99,190.00"
AED 129,295
AED 129,Worth AED 100
"13:,,95",.95
"13:,,95","25.00,19.95"
"Dhs.9.99,4.g9,1.99",8.50
"Dhs.9.99,4.g9,1.99","14.00,6.95°"
"15.66,8.93 AED",4.50
"15.66,8.93 AED","15.56,11.95"
"10,90","Dhs.31.50,26."
"10,90","Dhs.,.50"
229,950
229,135
e 89,169.00
e 89,=495
",13299,.13033",104
",13299,.13033","15.00,11.58"
: 11.95,"13.39,..99"
: 11.95,"8 299,9169"
"3090,2399",295
"3090,2399",Dhs 25
7.95,"925.90,€19.90"
7.95,7.95
AED PAY 4999,"e 325,185,9"
AED PAY 4999,"194,DG,BD"
"1L48,go","YOU,PAY 944"
"1L48,go","29:,.99"
"DHS,95","g,1,95"
"DHS,95","6,00,10°"
"YOU AED,PAY229",AED
"YOU AED,PAY229","17.30,13.96"
"5.,.50,7.95",295
"5.,.50,7.95","12,90"
195,"2,45"
195,"47.95,g"
30.00 Dhs.,14.00
30.00 Dhs.,"DHS,25"
"YOU AED,PAY 10,999",36.26
"YOU AED,PAY 10,999",25°
YAY 99,Dh$200
YAY 99,"16,50,,95"
.90,"WAS 1-4.05,9.95"
.90,"$ 75,00,$45,0c"
"14.30,10.06",18.95
"14.30,10.06",95
"Dhs,7.99","13.65,9.50"
"Dhs,7.99",29.95
"Co,8.95","4,T.75"
"Co,8.95",29.20
"259,$ 209",19.00
"259,$ 209","AED,0.95"
25,:22.75
25,9 7.95
"36,50,19.,50","abba ug/Láwl,FIRST FOODS CHICKEN ESCALOPE"
"36,50,19.,50",131
"AED 82.00,58,00","Dhs.48.99,i28 0c"
"AED 82.00,58,00",8.99
"€15.00,:10",20.00
"€15.00,:10",10.50
30,19.95
30,$10.00
"18.95,11.75","24.82,1.99"
"18.95,11.75",10
"21129:80,9109",41.98%
"21129:80,9109","Dhs,99"
0.99,3.50
0.99,"=30.50,125.75"
995,27.95
995,e 4.95
97.90,"PER,ISET,9,AED,25"
97.90,12.49
AED 339.00,"Dhs. 18.50,13:"
AED 339.00,36.43
aav 5,"41,90,2,á PES,283,,50"
aav 5,.00
"0 89.00,€ 65","12.35,9.50"
"0 89.00,€ 65","AED,•95"
16.50,"17:,00,15%"
16.50,"13.68,9.95"
"7,#","AED,24.95"
"7,#","12.95,11.95"
e 17.95,= 5
e 17.95,"Dhs,1.99"
13.00,Dh569
13.00,"239,AER 320"
"24s,.99","213,99"
"24s,.99","PER,IPC,8,AED,7.75"
"•2349,2302","Dhs. 7.99,4,$.99"
"•2349,2302","2,PCS,50"
95,Per Set
95,"16,20,,95"
"?,AED,3.00",Dhs 3299
"?,AED,3.00",92495
"1,9.99,25.99",": 2599,1999"
"1,9.99,25.99","199,AED"
(395,"Dhs.8.99,4"
(395,"$99.00,$65.00"
29.,Dhs25
29.,14.95
"PER,ISET,8,50","919.95,@ 11.90"
"PER,ISET,8,50","37.00,32.00"
"AED 1399,66",59
"AED 1399,66","€15.90,@ 11.95"
199,1 1
199,"25.00 19,.00"
14.00,5.95
14.00,1995
20,$95
20,",1579,,1499"
"6,.99","25,AED"
"6,.99",.95
"(O,1.99","€18.75,@12.90"
"(O,1.99",12-50
32.08 AED,795
32.08 AED,"109 00,o mb 79.00"
"""9,439","1F 21.95,$19.75"
"""9,439",24%
2 0.95,"72.45,03v 59"
2 0.95,129
95,"E: 20.48,15.95"
95,6.50
49.00,70.39
49.00,(20
"JU EC.I oM1,$42.3","Dhs. 55.50,$29.95"
"JU EC.I oM1,$42.3",15.36
"Was,Now,AED 2499 2349","03.50,01.99"
"Was,Now,AED 2499 2349",1.95
"14,40,.95","175 AED,139"
"14,40,.95","29,J.99"
4.50,BEST
4.50,$.99
99,119.00/
99,"5195,20.95"
1.99,€ 15.90
1.99,129
17.25,199%
17.25,"Dhs.24.99,6.99 Dhs"
"2.35,$ 1.50",4.95
"2.35,$ 1.50",J.99
"€ 9.00-,$4.95",11.95 AED
"€ 9.00-,$4.95","8,17.95"
e 19.95,9.99
e 19.95,"9 33.50,e 23.25"
SHO,"914.00,$9.00"
SHO,8.98
"Dhs. 21.99,15.,99",4.56
"Dhs. 21.99,15.,99","20.06,13.95"
"AED,00",1.75
"AED,00","14.50,10.95,á"
"160330037 Dhs 3,699","26.,-35-"
"160330037 Dhs 3,699","60%,4.55,1.99"
",50","3140.42,19.95"
",50",439 AES
$ 13.95,"10,70,7,12,,95"
$ 13.95,"ACD,1/.95"
"AED,-,.50","Dhs,99"
"AED,-,.50","9131.35,14.95"
99,"12.30,$ 6.99"
99,"YOU AED,PAY 949"
59,"340 234.50,166.95"
59,29% Dhs
"JLiua,345",7.9g
"JLiua,345","Dh-. 179,Dhs. 125"
"AFD 124:96,9.95","19.00,13.00"
"AFD 124:96,9.95","€34.90,º28.50"
"£35:00,$24.95",7.95
"£35:00,$24.95",119i
"7.95,0.70","12:00,25,00"
"7.95,0.70","OFF 48% 382,20%0 AED"
545,"£6.85,€4.95"
545,""" Dhs,13.99"
BD 230.990 BD 199.99€,"8 110,79.00"
BD 230.990 BD 199.99€,4.75
21.95,"1 22.99,€ 14.99"
21.95,15.36
"e21.75,$15.00",1195
"e21.75,$15.00","€ 34.00,e 25"
"$2.50,AED",.95
"$2.50,AED","5,AED"
9.95,": 29.99,14.99"
9.95,"40,00,25.68"
"Dhs.22.50,14.99",133
"Dhs.22.50,14.99",27.95
"WAS 5.95-,2.s,95","10.95,15.75."
"WAS 5.95-,2.s,95","23.25,13.50"
"YOU AED,PAY 99","22.80 11%,19.50"
"YOU AED,PAY 99","AED,154,25"
"28.95,16.5",14%
"28.95,16.5","€ 5.95,92.95"
"189.,00","8189,@149"
"189.,00",23.90
216g,$15.00
216g,1.95
"31 7.901,0.50","AED,00"
"31 7.901,0.50",14.99
"49.3k,1.99",".75,AED"
"49.3k,1.99",2.45 AED
"219,195",40.90
"219,195",": 29.99,€ 24.99"
9 2.95,15.75
9 2.95,"AED,9.95"
"PER,PC,99",10° AED ADj3
"PER,PC,99","¥41.90,$19.50"
14.95,32:
14.95,"29.00,18.95"
"AED 44.75,€22.25",395
"AED 44.75,€22.25",Casy 100
Dhs500,9
Dhs500,"115,:75"
Dh$ 875,13.90 DnE
Dh$ 875,79.00
99.56,"£79.00,€ 49.00"
99.56,"$14.50,11.99"
20 oc,"59.00,49.00"
20 oc,: 24.95
5,8
5,= 12
.3.990,"YOUAED,PAY219"
.3.990,"PER,SET,0.75"
10.99,"DHS,.99"
10.99,03V 4.95
"£31.40,@14.95","AED,7.,.99"
"£31.40,@14.95",Dhs 35
"9.00 AED,4.95",9.56 AETI
"9.00 AED,4.95","8,AED,.99"
"AED,899","2,6"
"AED,899","48.00,55.00"
"12.60,7.50","25.25,14.95"
"12.60,7.50","AED,7.95"
"l: 13.95,:11.95","18.90,14.95"
"l: 13.95,:11.95",:99
"€128.95,1.95","AED,355"
"€128.95,1.95",3.75
200,"PER,PC,.25"
200,"82.95,AED 69.00"
"6.58,24%,4.95","JuJ,7E.9,,64.9"
"6.58,24%,4.95",10.
"WAS 179,100€","$10.00,9"
"WAS 179,100€","3,PCS,.50"
".95,16.50","CO,.95"
".95,16.50",18.95
:49,"AED,149"
:49,",459,AED"
695),"59.95,49.95"
695),"26g,D.99"
